ID,Name,Email,Room Count
29daf90e-ceb3-4f04-96dc-91f0e0dbdd70,e6e31931-2fc7-4b5b-9c2b-ad8efb4f0e4c,Louie Little,1
29805c72-57c3-4c40-b60c-3156e3d019a5,Ivan Petrov Updated,ivan.updated@mail.com,0
1c11b1cf-d9d2-4010-9e11-31701eeafd7e,John Doe Updated,john.doe@example.com,0
054b22c9-d1cd-4981-8076-d8991fd1efb0,Ivan Petrov Updated,ivan.updated@mail.com,0
be6cdf64-71ab-470e-84be-2e4dc1887e18,Ivan Petrov Updated,ivan.updated@mail.com,0
d4631e5f-eb0c-4f16-a66c-23246042dbc0,Ivan Petrov Updated,ivan.updated@mail.com,0
dc3b7810-a247-4514-920e-c99dd4569818,Ivan Petrov Updated,ivan.updated@mail.com,0
b32c21e7-db84-4ae2-bd1d-71af5ac31168,2db0c0de-938d-404a-97a8-19760f63cc7c,Hubert Yost,1
5a3450a3-3469-4aae-b66d-dd9827c42c2e,5eafa377-95ad-4dff-be05-963272d14970,Liana Runte,1
08bb8500-d6a1-4f36-9b7d-95e9f05660fc,b720d8e9-1e57-4dcd-99b9-7022ad83a3f7,Dr. Albina Jacobi,1
dda6053c-4de9-4782-9466-1b0d7e240901,e0df320c-ba3a-432b-8b2e-f93f5af7d1a6,Dr. Chong Gottlieb,1
